<annotation>
	<folder>hello</folder>
	<filename>hello.b5d1f3ef-4c8d-11ee-bd8a-d41b81b1540e.jpg</filename>
	<path>C:\Users\abhis\project\RealTimeObjectDetection\Tensorflow\workspace\images\collectedimages\hello\hello.b5d1f3ef-4c8d-11ee-bd8a-d41b81b1540e.jpg</path>
	<source>
		<database>Unknown</database>
	</source>
	<size>
		<width>640</width>
		<height>480</height>
		<depth>3</depth>
	</size>
	<segmented>0</segmented>
	<object>
		<name>hello</name>
		<pose>Unspecified</pose>
		<truncated>0</truncated>
		<difficult>0</difficult>
		<bndbox>
			<xmin>33</xmin>
			<ymin>133</ymin>
			<xmax>279</xmax>
			<ymax>452</ymax>
		</bndbox>
	</object>
</annotation>
