<annotation>
	<folder>yes</folder>
	<filename>yes.e9dfccf8-4c8d-11ee-b861-d41b81b1540e.jpg</filename>
	<path>C:\Users\abhis\project\RealTimeObjectDetection\Tensorflow\workspace\images\collectedimages\yes\yes.e9dfccf8-4c8d-11ee-b861-d41b81b1540e.jpg</path>
	<source>
		<database>Unknown</database>
	</source>
	<size>
		<width>640</width>
		<height>480</height>
		<depth>3</depth>
	</size>
	<segmented>0</segmented>
	<object>
		<name>Yes</name>
		<pose>Unspecified</pose>
		<truncated>0</truncated>
		<difficult>0</difficult>
		<bndbox>
			<xmin>55</xmin>
			<ymin>218</ymin>
			<xmax>256</xmax>
			<ymax>401</ymax>
		</bndbox>
	</object>
</annotation>
