<annotation>
	<folder>hello</folder>
	<filename>hello.b0fc1ef4-4c8d-11ee-9c7c-d41b81b1540e.jpg</filename>
	<path>C:\Users\abhis\project\RealTimeObjectDetection\Tensorflow\workspace\images\collectedimages\hello\hello.b0fc1ef4-4c8d-11ee-9c7c-d41b81b1540e.jpg</path>
	<source>
		<database>Unknown</database>
	</source>
	<size>
		<width>640</width>
		<height>480</height>
		<depth>3</depth>
	</size>
	<segmented>0</segmented>
	<object>
		<name>hello</name>
		<pose>Unspecified</pose>
		<truncated>0</truncated>
		<difficult>0</difficult>
		<bndbox>
			<xmin>54</xmin>
			<ymin>123</ymin>
			<xmax>262</xmax>
			<ymax>424</ymax>
		</bndbox>
	</object>
</annotation>
