<annotation>
	<folder>iloveyou</folder>
	<filename>iloveyou.d7c41468-4c8d-11ee-a7f5-d41b81b1540e.jpg</filename>
	<path>C:\Users\abhis\project\RealTimeObjectDetection\Tensorflow\workspace\images\collectedimages\iloveyou\iloveyou.d7c41468-4c8d-11ee-a7f5-d41b81b1540e.jpg</path>
	<source>
		<database>Unknown</database>
	</source>
	<size>
		<width>640</width>
		<height>480</height>
		<depth>3</depth>
	</size>
	<segmented>0</segmented>
	<object>
		<name>I Love You</name>
		<pose>Unspecified</pose>
		<truncated>0</truncated>
		<difficult>0</difficult>
		<bndbox>
			<xmin>85</xmin>
			<ymin>140</ymin>
			<xmax>322</xmax>
			<ymax>438</ymax>
		</bndbox>
	</object>
</annotation>
