<annotation>
	<folder>thanks</folder>
	<filename>thanks.bf83f412-4c8d-11ee-8f16-d41b81b1540e.jpg</filename>
	<path>C:\Users\abhis\project\RealTimeObjectDetection\Tensorflow\workspace\images\collectedimages\thanks\thanks.bf83f412-4c8d-11ee-8f16-d41b81b1540e.jpg</path>
	<source>
		<database>Unknown</database>
	</source>
	<size>
		<width>640</width>
		<height>480</height>
		<depth>3</depth>
	</size>
	<segmented>0</segmented>
	<object>
		<name>Thanks</name>
		<pose>Unspecified</pose>
		<truncated>1</truncated>
		<difficult>0</difficult>
		<bndbox>
			<xmin>111</xmin>
			<ymin>257</ymin>
			<xmax>640</xmax>
			<ymax>480</ymax>
		</bndbox>
	</object>
</annotation>
