<annotation>
	<folder>hello</folder>
	<filename>hello.b83ba4d4-4c8d-11ee-a349-d41b81b1540e.jpg</filename>
	<path>C:\Users\abhis\project\RealTimeObjectDetection\Tensorflow\workspace\images\collectedimages\hello\hello.b83ba4d4-4c8d-11ee-a349-d41b81b1540e.jpg</path>
	<source>
		<database>Unknown</database>
	</source>
	<size>
		<width>640</width>
		<height>480</height>
		<depth>3</depth>
	</size>
	<segmented>0</segmented>
	<object>
		<name>hello</name>
		<pose>Unspecified</pose>
		<truncated>0</truncated>
		<difficult>0</difficult>
		<bndbox>
			<xmin>93</xmin>
			<ymin>145</ymin>
			<xmax>299</xmax>
			<ymax>433</ymax>
		</bndbox>
	</object>
</annotation>
