<annotation>
	<folder>no</folder>
	<filename>no.f85c391a-4c8d-11ee-9c05-d41b81b1540e.jpg</filename>
	<path>C:\Users\abhis\project\RealTimeObjectDetection\Tensorflow\workspace\images\collectedimages\no\no.f85c391a-4c8d-11ee-9c05-d41b81b1540e.jpg</path>
	<source>
		<database>Unknown</database>
	</source>
	<size>
		<width>640</width>
		<height>480</height>
		<depth>3</depth>
	</size>
	<segmented>0</segmented>
	<object>
		<name>No</name>
		<pose>Unspecified</pose>
		<truncated>0</truncated>
		<difficult>0</difficult>
		<bndbox>
			<xmin>25</xmin>
			<ymin>149</ymin>
			<xmax>239</xmax>
			<ymax>370</ymax>
		</bndbox>
	</object>
</annotation>
