<annotation>
	<folder>no</folder>
	<filename>no.f9911b4d-4c8d-11ee-afa9-d41b81b1540e.jpg</filename>
	<path>C:\Users\abhis\project\RealTimeObjectDetection\Tensorflow\workspace\images\collectedimages\no\no.f9911b4d-4c8d-11ee-afa9-d41b81b1540e.jpg</path>
	<source>
		<database>Unknown</database>
	</source>
	<size>
		<width>640</width>
		<height>480</height>
		<depth>3</depth>
	</size>
	<segmented>0</segmented>
	<object>
		<name>No</name>
		<pose>Unspecified</pose>
		<truncated>1</truncated>
		<difficult>0</difficult>
		<bndbox>
			<xmin>1</xmin>
			<ymin>150</ymin>
			<xmax>156</xmax>
			<ymax>372</ymax>
		</bndbox>
	</object>
</annotation>
