<annotation>
	<folder>no</folder>
	<filename>no.f7283dec-4c8d-11ee-affb-d41b81b1540e.jpg</filename>
	<path>C:\Users\abhis\project\RealTimeObjectDetection\Tensorflow\workspace\images\collectedimages\no\no.f7283dec-4c8d-11ee-affb-d41b81b1540e.jpg</path>
	<source>
		<database>Unknown</database>
	</source>
	<size>
		<width>640</width>
		<height>480</height>
		<depth>3</depth>
	</size>
	<segmented>0</segmented>
	<object>
		<name>No</name>
		<pose>Unspecified</pose>
		<truncated>0</truncated>
		<difficult>0</difficult>
		<bndbox>
			<xmin>23</xmin>
			<ymin>151</ymin>
			<xmax>234</xmax>
			<ymax>392</ymax>
		</bndbox>
	</object>
</annotation>
