<annotation>
	<folder>yes</folder>
	<filename>yes.e3d4fa2b-4c8d-11ee-98ed-d41b81b1540e.jpg</filename>
	<path>C:\Users\abhis\project\RealTimeObjectDetection\Tensorflow\workspace\images\collectedimages\yes\yes.e3d4fa2b-4c8d-11ee-98ed-d41b81b1540e.jpg</path>
	<source>
		<database>Unknown</database>
	</source>
	<size>
		<width>640</width>
		<height>480</height>
		<depth>3</depth>
	</size>
	<segmented>0</segmented>
	<object>
		<name>Yes</name>
		<pose>Unspecified</pose>
		<truncated>0</truncated>
		<difficult>0</difficult>
		<bndbox>
			<xmin>91</xmin>
			<ymin>202</ymin>
			<xmax>263</xmax>
			<ymax>379</ymax>
		</bndbox>
	</object>
</annotation>
